customer_id,email,first_name,last_name,signup_date,customer_segment,acquisition_channel,country,is_active
1,customer1@email.com,FirstName1,LastName1,2023-10-17,Premium,Organic,AU,True
2,customer2@email.com,FirstName2,LastName2,2022-10-09,Premium,Paid Search,CA,False
3,customer3@email.com,FirstName3,LastName3,2022-04-15,Basic,Referral,US,True
4,customer4@email.com,FirstName4,LastName4,2023-08-28,Standard,Organic,US,True
5,customer5@email.com,FirstName5,LastName5,2022-04-06,Premium,Paid Search,FR,True
6,customer6@email.com,FirstName6,LastName6,2023-09-09,Premium,Referral,CA,True
7,customer7@email.com,FirstName7,LastName7,2023-10-28,Basic,Referral,DE,True
8,customer8@email.com,FirstName8,LastName8,2022-08-14,Standard,Referral,UK,False
9,customer9@email.com,FirstName9,LastName9,2022-01-07,Premium,Email,UK,True
10,customer10@email.com,FirstName10,LastName10,2022-10-12,Premium,Paid Search,UK,True
11,customer11@email.com,FirstName11,LastName11,2022-04-15,Premium,Email,US,True
12,customer12@email.com,FirstName12,LastName12,2023-01-03,Standard,Referral,UK,False
13,customer13@email.com,FirstName13,LastName13,2022-02-14,Basic,Email,FR,False
14,customer14@email.com,FirstName14,LastName14,2022-05-08,Standard,Organic,FR,True
15,customer15@email.com,FirstName15,LastName15,2022-10-28,Basic,Referral,UK,True
16,customer16@email.com,FirstName16,LastName16,2023-08-15,Premium,Organic,US,True
17,customer17@email.com,FirstName17,LastName17,2023-11-09,Premium,Social Media,US,True
18,customer18@email.com,FirstName18,LastName18,2022-08-27,Premium,Email,UK,True
19,customer19@email.com,FirstName19,LastName19,2023-04-10,Basic,Social Media,CA,True
20,customer20@email.com,FirstName20,LastName20,2023-01-15,Standard,Paid Search,AU,True
21,customer21@email.com,FirstName21,LastName21,2022-10-01,Basic,Organic,FR,True
22,customer22@email.com,FirstName22,LastName22,2023-10-13,Premium,Referral,AU,True
23,customer23@email.com,FirstName23,LastName23,2022-09-08,Premium,Email,DE,True
24,customer24@email.com,FirstName24,LastName24,2022-10-04,Basic,Referral,CA,True
25,customer25@email.com,FirstName25,LastName25,2023-12-03,Standard,Organic,CA,True
26,customer26@email.com,FirstName26,LastName26,2022-02-02,Standard,Email,UK,True
27,customer27@email.com,FirstName27,LastName27,2022-03-09,Premium,Referral,AU,True
28,customer28@email.com,FirstName28,LastName28,2022-11-19,Premium,Email,DE,True
29,customer29@email.com,FirstName29,LastName29,2023-10-21,Standard,Paid Search,UK,True
30,customer30@email.com,FirstName30,LastName30,2022-05-23,Premium,Referral,FR,True
31,customer31@email.com,FirstName31,LastName31,2022-09-27,Basic,Referral,DE,True
32,customer32@email.com,FirstName32,LastName32,2023-08-21,Standard,Social Media,CA,True
33,customer33@email.com,FirstName33,LastName33,2022-05-22,Basic,Email,US,True
34,customer34@email.com,FirstName34,LastName34,2022-02-18,Premium,Paid Search,AU,False
35,customer35@email.com,FirstName35,LastName35,2022-06-13,Basic,Email,FR,False
36,customer36@email.com,FirstName36,LastName36,2022-03-07,Standard,Email,FR,False
37,customer37@email.com,FirstName37,LastName37,2023-04-25,Basic,Social Media,FR,True
38,customer38@email.com,FirstName38,LastName38,2022-01-12,Basic,Organic,AU,True
39,customer39@email.com,FirstName39,LastName39,2023-07-04,Standard,Social Media,US,True
40,customer40@email.com,FirstName40,LastName40,2022-10-28,Standard,Paid Search,DE,True
41,customer41@email.com,FirstName41,LastName41,2022-01-04,Basic,Social Media,FR,True
42,customer42@email.com,FirstName42,LastName42,2022-07-02,Basic,Organic,AU,True
43,customer43@email.com,FirstName43,LastName43,2022-11-02,Basic,Referral,FR,True
44,customer44@email.com,FirstName44,LastName44,2022-07-23,Premium,Social Media,CA,False
45,customer45@email.com,FirstName45,LastName45,2023-07-07,Basic,Organic,FR,True
46,customer46@email.com,FirstName46,LastName46,2022-11-28,Standard,Organic,US,True
47,customer47@email.com,FirstName47,LastName47,2023-01-07,Standard,Paid Search,US,True
48,customer48@email.com,FirstName48,LastName48,2022-09-04,Basic,Organic,US,True
49,customer49@email.com,FirstName49,LastName49,2023-05-13,Premium,Referral,CA,True
50,customer50@email.com,FirstName50,LastName50,2022-05-12,Basic,Email,FR,True
51,customer51@email.com,FirstName51,LastName51,2022-06-19,Standard,Referral,FR,False
52,customer52@email.com,FirstName52,LastName52,2023-03-10,Premium,Referral,AU,True
53,customer53@email.com,FirstName53,LastName53,2023-12-08,Premium,Social Media,DE,False
54,customer54@email.com,FirstName54,LastName54,2023-11-19,Basic,Social Media,DE,False
55,customer55@email.com,FirstName55,LastName55,2023-06-14,Standard,Organic,CA,True
56,customer56@email.com,FirstName56,LastName56,2022-08-19,Premium,Social Media,US,False
57,customer57@email.com,FirstName57,LastName57,2023-08-26,Basic,Paid Search,FR,True
58,customer58@email.com,FirstName58,LastName58,2022-08-14,Premium,Organic,AU,True
59,customer59@email.com,FirstName59,LastName59,2023-10-09,Premium,Paid Search,US,True
60,customer60@email.com,FirstName60,LastName60,2022-02-02,Standard,Organic,FR,True
61,customer61@email.com,FirstName61,LastName61,2022-09-01,Standard,Email,CA,True
62,customer62@email.com,FirstName62,LastName62,2023-07-07,Premium,Referral,FR,True
63,customer63@email.com,FirstName63,LastName63,2023-04-30,Premium,Email,DE,False
64,customer64@email.com,FirstName64,LastName64,2022-07-14,Premium,Organic,AU,True
65,customer65@email.com,FirstName65,LastName65,2023-03-18,Standard,Email,DE,True
66,customer66@email.com,FirstName66,LastName66,2023-04-24,Basic,Organic,AU,True
67,customer67@email.com,FirstName67,LastName67,2023-11-01,Basic,Organic,US,True
68,customer68@email.com,FirstName68,LastName68,2023-02-17,Basic,Social Media,US,False
69,customer69@email.com,FirstName69,LastName69,2022-09-12,Premium,Paid Search,FR,True
70,customer70@email.com,FirstName70,LastName70,2023-04-05,Premium,Email,CA,False
71,customer71@email.com,FirstName71,LastName71,2022-10-13,Standard,Paid Search,US,True
72,customer72@email.com,FirstName72,LastName72,2023-03-30,Basic,Organic,US,True
73,customer73@email.com,FirstName73,LastName73,2023-10-30,Basic,Organic,US,True
74,customer74@email.com,FirstName74,LastName74,2022-08-31,Premium,Email,DE,False
75,customer75@email.com,FirstName75,LastName75,2023-05-08,Premium,Email,US,True
76,customer76@email.com,FirstName76,LastName76,2022-06-18,Standard,Organic,DE,True
77,customer77@email.com,FirstName77,LastName77,2022-09-29,Standard,Social Media,DE,True
78,customer78@email.com,FirstName78,LastName78,2023-12-15,Basic,Referral,AU,True
79,customer79@email.com,FirstName79,LastName79,2023-05-14,Premium,Paid Search,UK,True
80,customer80@email.com,FirstName80,LastName80,2022-08-11,Premium,Referral,AU,True
81,customer81@email.com,FirstName81,LastName81,2023-07-10,Premium,Social Media,US,False
82,customer82@email.com,FirstName82,LastName82,2022-02-21,Basic,Email,FR,True
83,customer83@email.com,FirstName83,LastName83,2023-06-28,Premium,Organic,FR,True
84,customer84@email.com,FirstName84,LastName84,2022-03-24,Premium,Organic,FR,True
85,customer85@email.com,FirstName85,LastName85,2022-03-11,Basic,Paid Search,DE,True
86,customer86@email.com,FirstName86,LastName86,2022-05-03,Basic,Paid Search,FR,True
87,customer87@email.com,FirstName87,LastName87,2023-09-01,Premium,Referral,US,True
88,customer88@email.com,FirstName88,LastName88,2023-03-06,Basic,Referral,FR,True
89,customer89@email.com,FirstName89,LastName89,2023-06-20,Standard,Social Media,CA,False
90,customer90@email.com,FirstName90,LastName90,2023-11-17,Basic,Social Media,CA,True
91,customer91@email.com,FirstName91,LastName91,2022-09-29,Standard,Paid Search,AU,True
92,customer92@email.com,FirstName92,LastName92,2023-10-23,Standard,Email,UK,True
93,customer93@email.com,FirstName93,LastName93,2022-03-16,Premium,Email,FR,True
94,customer94@email.com,FirstName94,LastName94,2023-07-31,Premium,Organic,FR,True
95,customer95@email.com,FirstName95,LastName95,2022-08-07,Basic,Social Media,CA,True
96,customer96@email.com,FirstName96,LastName96,2022-12-24,Premium,Paid Search,UK,True
97,customer97@email.com,FirstName97,LastName97,2022-10-19,Premium,Email,FR,True
98,customer98@email.com,FirstName98,LastName98,2023-12-22,Standard,Referral,AU,True
99,customer99@email.com,FirstName99,LastName99,2023-06-26,Premium,Referral,UK,True
100,customer100@email.com,FirstName100,LastName100,2023-11-11,Premium,Paid Search,UK,True
101,customer101@email.com,FirstName101,LastName101,2022-04-29,Premium,Referral,CA,True
102,customer102@email.com,FirstName102,LastName102,2022-10-06,Standard,Referral,CA,True
103,customer103@email.com,FirstName103,LastName103,2022-12-18,Premium,Social Media,FR,True
104,customer104@email.com,FirstName104,LastName104,2023-05-16,Standard,Organic,US,True
105,customer105@email.com,FirstName105,LastName105,2023-10-12,Standard,Social Media,US,False
106,customer106@email.com,FirstName106,LastName106,2022-01-04,Standard,Paid Search,AU,True
107,customer107@email.com,FirstName107,LastName107,2022-09-26,Premium,Email,FR,True
108,customer108@email.com,FirstName108,LastName108,2023-12-24,Standard,Referral,US,True
109,customer109@email.com,FirstName109,LastName109,2022-04-25,Premium,Paid Search,FR,True
110,customer110@email.com,FirstName110,LastName110,2022-02-06,Standard,Referral,FR,True
111,customer111@email.com,FirstName111,LastName111,2022-06-01,Standard,Paid Search,US,True
112,customer112@email.com,FirstName112,LastName112,2022-11-12,Standard,Organic,UK,True
113,customer113@email.com,FirstName113,LastName113,2022-08-04,Basic,Paid Search,AU,False
114,customer114@email.com,FirstName114,LastName114,2022-04-16,Standard,Referral,DE,False
115,customer115@email.com,FirstName115,LastName115,2023-09-28,Basic,Paid Search,CA,True
116,customer116@email.com,FirstName116,LastName116,2022-06-16,Premium,Email,US,False
117,customer117@email.com,FirstName117,LastName117,2022-07-03,Basic,Social Media,DE,False
118,customer118@email.com,FirstName118,LastName118,2023-11-17,Basic,Paid Search,UK,True
119,customer119@email.com,FirstName119,LastName119,2022-06-13,Basic,Organic,DE,False
120,customer120@email.com,FirstName120,LastName120,2022-02-09,Standard,Paid Search,CA,True
121,customer121@email.com,FirstName121,LastName121,2023-04-17,Standard,Social Media,CA,False
122,customer122@email.com,FirstName122,LastName122,2022-08-17,Premium,Paid Search,DE,False
123,customer123@email.com,FirstName123,LastName123,2022-12-03,Standard,Organic,UK,True
124,customer124@email.com,FirstName124,LastName124,2022-12-26,Basic,Referral,DE,True
125,customer125@email.com,FirstName125,LastName125,2023-11-27,Basic,Social Media,US,True
126,customer126@email.com,FirstName126,LastName126,2022-04-29,Standard,Paid Search,FR,True
127,customer127@email.com,FirstName127,LastName127,2022-09-29,Premium,Organic,FR,False
128,customer128@email.com,FirstName128,LastName128,2023-03-21,Standard,Social Media,DE,False
129,customer129@email.com,FirstName129,LastName129,2023-09-13,Basic,Organic,DE,True
130,customer130@email.com,FirstName130,LastName130,2023-08-14,Premium,Social Media,US,True
131,customer131@email.com,FirstName131,LastName131,2023-12-27,Standard,Organic,FR,True
132,customer132@email.com,FirstName132,LastName132,2023-07-06,Basic,Paid Search,UK,True
133,customer133@email.com,FirstName133,LastName133,2023-03-18,Premium,Social Media,FR,True
134,customer134@email.com,FirstName134,LastName134,2022-11-18,Basic,Organic,AU,True
135,customer135@email.com,FirstName135,LastName135,2022-11-04,Basic,Social Media,AU,False
136,customer136@email.com,FirstName136,LastName136,2023-02-23,Standard,Email,AU,True
137,customer137@email.com,FirstName137,LastName137,2022-10-30,Basic,Paid Search,CA,True
138,customer138@email.com,FirstName138,LastName138,2023-03-07,Basic,Email,AU,True
139,customer139@email.com,FirstName139,LastName139,2022-06-28,Basic,Referral,UK,True
140,customer140@email.com,FirstName140,LastName140,2023-02-20,Basic,Organic,UK,False
141,customer141@email.com,FirstName141,LastName141,2022-10-21,Premium,Email,FR,False
142,customer142@email.com,FirstName142,LastName142,2023-09-14,Basic,Social Media,DE,True
143,customer143@email.com,FirstName143,LastName143,2023-03-29,Standard,Paid Search,FR,True
144,customer144@email.com,FirstName144,LastName144,2023-04-30,Basic,Paid Search,AU,True
145,customer145@email.com,FirstName145,LastName145,2022-03-28,Standard,Referral,AU,True
146,customer146@email.com,FirstName146,LastName146,2023-10-11,Basic,Social Media,US,True
147,customer147@email.com,FirstName147,LastName147,2022-08-29,Basic,Social Media,CA,True
148,customer148@email.com,FirstName148,LastName148,2022-07-23,Premium,Organic,US,True
149,customer149@email.com,FirstName149,LastName149,2022-09-08,Standard,Referral,US,True
150,customer150@email.com,FirstName150,LastName150,2023-04-12,Standard,Referral,CA,True
151,customer151@email.com,FirstName151,LastName151,2023-12-15,Standard,Email,DE,False
152,customer152@email.com,FirstName152,LastName152,2022-09-07,Premium,Organic,US,True
153,customer153@email.com,FirstName153,LastName153,2023-03-12,Premium,Paid Search,AU,True
154,customer154@email.com,FirstName154,LastName154,2023-06-15,Standard,Organic,FR,True
155,customer155@email.com,FirstName155,LastName155,2022-09-13,Premium,Email,CA,False
156,customer156@email.com,FirstName156,LastName156,2023-04-21,Basic,Referral,FR,True
157,customer157@email.com,FirstName157,LastName157,2023-09-02,Standard,Email,FR,True
158,customer158@email.com,FirstName158,LastName158,2023-06-01,Standard,Referral,DE,True
159,customer159@email.com,FirstName159,LastName159,2022-06-12,Basic,Email,DE,True
160,customer160@email.com,FirstName160,LastName160,2022-09-23,Premium,Social Media,FR,True
161,customer161@email.com,FirstName161,LastName161,2023-05-12,Basic,Paid Search,UK,True
162,customer162@email.com,FirstName162,LastName162,2023-03-27,Premium,Social Media,CA,True
163,customer163@email.com,FirstName163,LastName163,2022-10-06,Standard,Social Media,FR,True
164,customer164@email.com,FirstName164,LastName164,2022-03-24,Premium,Paid Search,CA,True
165,customer165@email.com,FirstName165,LastName165,2023-01-28,Basic,Paid Search,AU,True
166,customer166@email.com,FirstName166,LastName166,2022-08-08,Premium,Email,DE,False
167,customer167@email.com,FirstName167,LastName167,2022-12-05,Basic,Email,DE,True
168,customer168@email.com,FirstName168,LastName168,2022-03-05,Premium,Email,DE,True
169,customer169@email.com,FirstName169,LastName169,2023-08-22,Basic,Organic,FR,True
170,customer170@email.com,FirstName170,LastName170,2023-01-25,Standard,Organic,UK,True
171,customer171@email.com,FirstName171,LastName171,2022-11-02,Standard,Email,FR,True
172,customer172@email.com,FirstName172,LastName172,2023-07-14,Basic,Paid Search,DE,True
173,customer173@email.com,FirstName173,LastName173,2022-08-13,Standard,Email,DE,True
174,customer174@email.com,FirstName174,LastName174,2022-01-30,Standard,Social Media,AU,True
175,customer175@email.com,FirstName175,LastName175,2023-11-27,Standard,Paid Search,DE,True
176,customer176@email.com,FirstName176,LastName176,2022-05-11,Basic,Referral,US,True
177,customer177@email.com,FirstName177,LastName177,2023-02-08,Basic,Referral,AU,True
178,customer178@email.com,FirstName178,LastName178,2022-01-28,Premium,Email,CA,True
179,customer179@email.com,FirstName179,LastName179,2023-04-18,Premium,Organic,UK,False
180,customer180@email.com,FirstName180,LastName180,2023-01-24,Standard,Paid Search,DE,True
181,customer181@email.com,FirstName181,LastName181,2022-12-01,Standard,Email,UK,True
182,customer182@email.com,FirstName182,LastName182,2023-03-08,Standard,Organic,DE,True
183,customer183@email.com,FirstName183,LastName183,2022-01-20,Basic,Referral,US,False
184,customer184@email.com,FirstName184,LastName184,2022-12-25,Premium,Organic,AU,False
185,customer185@email.com,FirstName185,LastName185,2022-02-11,Premium,Paid Search,CA,True
186,customer186@email.com,FirstName186,LastName186,2022-01-21,Basic,Paid Search,CA,True
187,customer187@email.com,FirstName187,LastName187,2022-05-10,Standard,Organic,FR,False
188,customer188@email.com,FirstName188,LastName188,2022-08-12,Standard,Social Media,UK,True
189,customer189@email.com,FirstName189,LastName189,2022-06-21,Basic,Referral,AU,True
190,customer190@email.com,FirstName190,LastName190,2022-04-28,Premium,Social Media,US,True
191,customer191@email.com,FirstName191,LastName191,2023-08-16,Premium,Social Media,FR,True
192,customer192@email.com,FirstName192,LastName192,2023-11-25,Standard,Email,AU,False
193,customer193@email.com,FirstName193,LastName193,2022-07-23,Premium,Referral,AU,False
194,customer194@email.com,FirstName194,LastName194,2023-10-05,Premium,Organic,AU,True
195,customer195@email.com,FirstName195,LastName195,2022-11-05,Basic,Referral,US,True
196,customer196@email.com,FirstName196,LastName196,2023-08-03,Premium,Social Media,FR,True
197,customer197@email.com,FirstName197,LastName197,2023-03-15,Basic,Social Media,US,True
198,customer198@email.com,FirstName198,LastName198,2023-06-03,Basic,Social Media,US,False
199,customer199@email.com,FirstName199,LastName199,2023-03-07,Standard,Organic,DE,False
200,customer200@email.com,FirstName200,LastName200,2023-01-06,Basic,Email,AU,True
201,customer201@email.com,FirstName201,LastName201,2022-06-06,Standard,Paid Search,AU,True
202,customer202@email.com,FirstName202,LastName202,2023-06-19,Basic,Social Media,FR,True
203,customer203@email.com,FirstName203,LastName203,2023-07-06,Standard,Email,DE,True
204,customer204@email.com,FirstName204,LastName204,2023-08-30,Standard,Social Media,CA,False
205,customer205@email.com,FirstName205,LastName205,2022-03-30,Standard,Email,CA,True
206,customer206@email.com,FirstName206,LastName206,2023-04-21,Basic,Referral,AU,True
207,customer207@email.com,FirstName207,LastName207,2023-01-24,Standard,Organic,DE,True
208,customer208@email.com,FirstName208,LastName208,2022-11-29,Premium,Email,CA,True
209,customer209@email.com,FirstName209,LastName209,2022-12-30,Standard,Social Media,UK,True
210,customer210@email.com,FirstName210,LastName210,2023-09-03,Basic,Social Media,FR,True
211,customer211@email.com,FirstName211,LastName211,2022-01-11,Basic,Paid Search,US,True
212,customer212@email.com,FirstName212,LastName212,2022-09-05,Basic,Email,DE,True
213,customer213@email.com,FirstName213,LastName213,2023-07-23,Premium,Email,AU,True
214,customer214@email.com,FirstName214,LastName214,2023-12-30,Standard,Email,US,True
215,customer215@email.com,FirstName215,LastName215,2022-04-06,Standard,Paid Search,DE,True
216,customer216@email.com,FirstName216,LastName216,2023-12-10,Premium,Social Media,AU,True
217,customer217@email.com,FirstName217,LastName217,2023-08-19,Standard,Email,FR,True
218,customer218@email.com,FirstName218,LastName218,2023-06-28,Standard,Email,AU,True
219,customer219@email.com,FirstName219,LastName219,2023-07-18,Standard,Social Media,AU,True
220,customer220@email.com,FirstName220,LastName220,2023-04-10,Standard,Social Media,UK,False
221,customer221@email.com,FirstName221,LastName221,2022-08-25,Premium,Paid Search,UK,True
222,customer222@email.com,FirstName222,LastName222,2022-05-03,Basic,Referral,AU,True
223,customer223@email.com,FirstName223,LastName223,2022-07-09,Premium,Paid Search,AU,True
224,customer224@email.com,FirstName224,LastName224,2023-05-11,Standard,Referral,FR,True
225,customer225@email.com,FirstName225,LastName225,2023-09-04,Standard,Organic,CA,True
226,customer226@email.com,FirstName226,LastName226,2022-10-31,Premium,Social Media,CA,True
227,customer227@email.com,FirstName227,LastName227,2022-11-06,Premium,Referral,CA,False
228,customer228@email.com,FirstName228,LastName228,2022-10-08,Premium,Organic,FR,True
229,customer229@email.com,FirstName229,LastName229,2022-10-27,Basic,Paid Search,AU,False
230,customer230@email.com,FirstName230,LastName230,2023-05-18,Premium,Organic,FR,True
231,customer231@email.com,FirstName231,LastName231,2022-10-19,Standard,Email,DE,True
232,customer232@email.com,FirstName232,LastName232,2022-12-15,Premium,Organic,UK,True
233,customer233@email.com,FirstName233,LastName233,2023-05-05,Premium,Organic,DE,True
234,customer234@email.com,FirstName234,LastName234,2023-05-19,Premium,Referral,AU,True
235,customer235@email.com,FirstName235,LastName235,2023-12-04,Premium,Paid Search,CA,True
236,customer236@email.com,FirstName236,LastName236,2023-07-31,Standard,Organic,CA,True
237,customer237@email.com,FirstName237,LastName237,2022-05-02,Basic,Email,FR,True
238,customer238@email.com,FirstName238,LastName238,2023-09-03,Basic,Paid Search,FR,True
239,customer239@email.com,FirstName239,LastName239,2023-01-25,Standard,Email,UK,True
240,customer240@email.com,FirstName240,LastName240,2023-08-26,Standard,Social Media,FR,True
241,customer241@email.com,FirstName241,LastName241,2023-09-28,Premium,Referral,AU,False
242,customer242@email.com,FirstName242,LastName242,2022-04-12,Premium,Paid Search,UK,False
243,customer243@email.com,FirstName243,LastName243,2023-11-08,Premium,Paid Search,CA,False
244,customer244@email.com,FirstName244,LastName244,2022-06-27,Basic,Organic,CA,True
245,customer245@email.com,FirstName245,LastName245,2022-01-03,Standard,Email,AU,True
246,customer246@email.com,FirstName246,LastName246,2023-09-01,Standard,Social Media,US,False
247,customer247@email.com,FirstName247,LastName247,2022-08-26,Standard,Social Media,AU,True
248,customer248@email.com,FirstName248,LastName248,2023-04-10,Premium,Paid Search,UK,False
249,customer249@email.com,FirstName249,LastName249,2023-10-03,Basic,Paid Search,DE,False
250,customer250@email.com,FirstName250,LastName250,2022-04-28,Basic,Paid Search,AU,False
251,customer251@email.com,FirstName251,LastName251,2022-06-02,Standard,Paid Search,US,True
252,customer252@email.com,FirstName252,LastName252,2022-03-03,Premium,Social Media,FR,True
253,customer253@email.com,FirstName253,LastName253,2023-08-06,Standard,Email,US,False
254,customer254@email.com,FirstName254,LastName254,2023-04-25,Basic,Social Media,AU,True
255,customer255@email.com,FirstName255,LastName255,2023-02-17,Standard,Referral,FR,True
256,customer256@email.com,FirstName256,LastName256,2023-05-21,Standard,Organic,FR,True
257,customer257@email.com,FirstName257,LastName257,2022-02-10,Standard,Social Media,FR,False
258,customer258@email.com,FirstName258,LastName258,2022-09-14,Premium,Organic,CA,True
259,customer259@email.com,FirstName259,LastName259,2023-11-22,Basic,Referral,US,True
260,customer260@email.com,FirstName260,LastName260,2023-11-20,Standard,Referral,US,True
261,customer261@email.com,FirstName261,LastName261,2022-06-29,Standard,Referral,AU,True
262,customer262@email.com,FirstName262,LastName262,2023-03-29,Standard,Paid Search,FR,False
263,customer263@email.com,FirstName263,LastName263,2023-03-23,Basic,Email,US,True
264,customer264@email.com,FirstName264,LastName264,2023-04-27,Standard,Email,UK,True
265,customer265@email.com,FirstName265,LastName265,2022-11-25,Basic,Organic,CA,False
266,customer266@email.com,FirstName266,LastName266,2022-12-04,Standard,Email,UK,True
267,customer267@email.com,FirstName267,LastName267,2023-11-10,Standard,Referral,US,True
268,customer268@email.com,FirstName268,LastName268,2023-04-11,Premium,Social Media,UK,True
269,customer269@email.com,FirstName269,LastName269,2022-11-28,Premium,Email,FR,True
270,customer270@email.com,FirstName270,LastName270,2022-01-02,Basic,Referral,DE,True
271,customer271@email.com,FirstName271,LastName271,2023-02-28,Premium,Paid Search,FR,False
272,customer272@email.com,FirstName272,LastName272,2023-01-06,Basic,Email,AU,False
273,customer273@email.com,FirstName273,LastName273,2023-03-29,Premium,Paid Search,UK,False
274,customer274@email.com,FirstName274,LastName274,2023-07-17,Premium,Social Media,DE,False
275,customer275@email.com,FirstName275,LastName275,2023-12-17,Standard,Organic,US,True
276,customer276@email.com,FirstName276,LastName276,2023-10-08,Basic,Paid Search,AU,True
277,customer277@email.com,FirstName277,LastName277,2022-06-12,Standard,Referral,US,True
278,customer278@email.com,FirstName278,LastName278,2023-07-20,Standard,Organic,CA,True
279,customer279@email.com,FirstName279,LastName279,2022-04-27,Standard,Organic,AU,True
280,customer280@email.com,FirstName280,LastName280,2022-06-07,Standard,Social Media,FR,True
281,customer281@email.com,FirstName281,LastName281,2023-12-24,Standard,Email,DE,False
282,customer282@email.com,FirstName282,LastName282,2023-04-29,Premium,Email,FR,True
283,customer283@email.com,FirstName283,LastName283,2022-05-29,Standard,Paid Search,FR,True
284,customer284@email.com,FirstName284,LastName284,2023-06-05,Basic,Paid Search,US,True
285,customer285@email.com,FirstName285,LastName285,2022-10-10,Standard,Social Media,FR,True
286,customer286@email.com,FirstName286,LastName286,2022-10-01,Premium,Social Media,AU,True
287,customer287@email.com,FirstName287,LastName287,2022-11-02,Basic,Referral,AU,True
288,customer288@email.com,FirstName288,LastName288,2023-05-17,Premium,Email,FR,True
289,customer289@email.com,FirstName289,LastName289,2023-05-11,Standard,Social Media,FR,True
290,customer290@email.com,FirstName290,LastName290,2023-07-11,Standard,Email,UK,True
291,customer291@email.com,FirstName291,LastName291,2022-07-13,Basic,Paid Search,FR,True
292,customer292@email.com,FirstName292,LastName292,2023-01-28,Premium,Email,US,True
293,customer293@email.com,FirstName293,LastName293,2022-11-22,Basic,Email,AU,False
294,customer294@email.com,FirstName294,LastName294,2023-01-26,Standard,Paid Search,DE,True
295,customer295@email.com,FirstName295,LastName295,2022-02-07,Premium,Referral,FR,True
296,customer296@email.com,FirstName296,LastName296,2022-12-06,Premium,Email,US,True
297,customer297@email.com,FirstName297,LastName297,2023-06-23,Standard,Organic,AU,True
298,customer298@email.com,FirstName298,LastName298,2022-05-28,Standard,Paid Search,US,True
299,customer299@email.com,FirstName299,LastName299,2023-04-26,Standard,Social Media,FR,True
300,customer300@email.com,FirstName300,LastName300,2023-12-11,Standard,Organic,UK,True
301,customer301@email.com,FirstName301,LastName301,2023-11-22,Basic,Email,UK,True
302,customer302@email.com,FirstName302,LastName302,2023-10-04,Basic,Email,FR,True
303,customer303@email.com,FirstName303,LastName303,2022-02-06,Basic,Organic,CA,True
304,customer304@email.com,FirstName304,LastName304,2023-10-09,Basic,Social Media,CA,True
305,customer305@email.com,FirstName305,LastName305,2022-04-03,Standard,Organic,AU,True
306,customer306@email.com,FirstName306,LastName306,2023-12-22,Premium,Email,CA,False
307,customer307@email.com,FirstName307,LastName307,2023-12-12,Standard,Organic,US,True
308,customer308@email.com,FirstName308,LastName308,2022-11-29,Premium,Social Media,UK,True
309,customer309@email.com,FirstName309,LastName309,2023-01-19,Standard,Paid Search,CA,True
310,customer310@email.com,FirstName310,LastName310,2023-06-28,Standard,Referral,AU,True
311,customer311@email.com,FirstName311,LastName311,2022-07-04,Premium,Paid Search,US,True
312,customer312@email.com,FirstName312,LastName312,2023-09-17,Standard,Referral,AU,True
313,customer313@email.com,FirstName313,LastName313,2022-09-04,Standard,Referral,CA,True
314,customer314@email.com,FirstName314,LastName314,2022-08-26,Standard,Social Media,DE,False
315,customer315@email.com,FirstName315,LastName315,2022-09-19,Basic,Organic,DE,False
316,customer316@email.com,FirstName316,LastName316,2022-10-22,Basic,Referral,CA,True
317,customer317@email.com,FirstName317,LastName317,2022-03-17,Standard,Social Media,FR,True
318,customer318@email.com,FirstName318,LastName318,2022-11-03,Basic,Email,AU,True
319,customer319@email.com,FirstName319,LastName319,2022-09-14,Standard,Social Media,CA,True
320,customer320@email.com,FirstName320,LastName320,2023-01-29,Standard,Organic,CA,True
321,customer321@email.com,FirstName321,LastName321,2023-01-26,Basic,Social Media,FR,True
322,customer322@email.com,FirstName322,LastName322,2022-10-30,Basic,Social Media,US,True
323,customer323@email.com,FirstName323,LastName323,2023-11-06,Standard,Social Media,US,True
324,customer324@email.com,FirstName324,LastName324,2023-08-03,Basic,Organic,FR,True
325,customer325@email.com,FirstName325,LastName325,2023-05-24,Standard,Paid Search,FR,False
326,customer326@email.com,FirstName326,LastName326,2022-12-27,Premium,Paid Search,FR,True
327,customer327@email.com,FirstName327,LastName327,2022-09-14,Basic,Paid Search,AU,True
328,customer328@email.com,FirstName328,LastName328,2022-04-10,Basic,Organic,UK,True
329,customer329@email.com,FirstName329,LastName329,2023-03-28,Premium,Referral,UK,True
330,customer330@email.com,FirstName330,LastName330,2022-05-15,Premium,Social Media,UK,True
331,customer331@email.com,FirstName331,LastName331,2023-03-02,Premium,Paid Search,CA,True
332,customer332@email.com,FirstName332,LastName332,2023-07-07,Standard,Referral,FR,True
333,customer333@email.com,FirstName333,LastName333,2022-10-07,Premium,Social Media,DE,True
334,customer334@email.com,FirstName334,LastName334,2022-10-30,Basic,Social Media,US,True
335,customer335@email.com,FirstName335,LastName335,2023-04-25,Premium,Paid Search,CA,True
336,customer336@email.com,FirstName336,LastName336,2023-11-24,Basic,Email,FR,True
337,customer337@email.com,FirstName337,LastName337,2023-01-10,Premium,Email,US,False
338,customer338@email.com,FirstName338,LastName338,2022-09-28,Basic,Organic,DE,True
339,customer339@email.com,FirstName339,LastName339,2023-01-13,Basic,Social Media,FR,True
340,customer340@email.com,FirstName340,LastName340,2023-01-26,Basic,Social Media,US,True
341,customer341@email.com,FirstName341,LastName341,2023-11-23,Premium,Email,US,True
342,customer342@email.com,FirstName342,LastName342,2023-09-27,Basic,Social Media,FR,True
343,customer343@email.com,FirstName343,LastName343,2022-08-15,Basic,Organic,AU,True
344,customer344@email.com,FirstName344,LastName344,2023-04-21,Basic,Social Media,AU,True
345,customer345@email.com,FirstName345,LastName345,2023-02-23,Premium,Paid Search,US,True
346,customer346@email.com,FirstName346,LastName346,2022-02-08,Standard,Email,US,True
347,customer347@email.com,FirstName347,LastName347,2022-04-10,Premium,Referral,CA,True
348,customer348@email.com,FirstName348,LastName348,2023-02-02,Standard,Social Media,AU,True
349,customer349@email.com,FirstName349,LastName349,2023-12-15,Basic,Email,FR,True
350,customer350@email.com,FirstName350,LastName350,2022-06-08,Standard,Organic,DE,True
351,customer351@email.com,FirstName351,LastName351,2023-09-23,Standard,Social Media,US,True
352,customer352@email.com,FirstName352,LastName352,2023-12-08,Standard,Paid Search,DE,False
353,customer353@email.com,FirstName353,LastName353,2023-04-01,Premium,Social Media,US,True
354,customer354@email.com,FirstName354,LastName354,2023-12-04,Standard,Referral,AU,True
355,customer355@email.com,FirstName355,LastName355,2023-01-03,Premium,Email,UK,True
356,customer356@email.com,FirstName356,LastName356,2022-07-14,Premium,Email,US,True
357,customer357@email.com,FirstName357,LastName357,2023-11-10,Premium,Referral,US,True
358,customer358@email.com,FirstName358,LastName358,2022-02-21,Standard,Paid Search,CA,True
359,customer359@email.com,FirstName359,LastName359,2023-08-02,Premium,Organic,FR,False
360,customer360@email.com,FirstName360,LastName360,2022-08-01,Basic,Paid Search,CA,True
361,customer361@email.com,FirstName361,LastName361,2022-12-03,Premium,Referral,US,True
362,customer362@email.com,FirstName362,LastName362,2022-10-11,Premium,Paid Search,FR,True
363,customer363@email.com,FirstName363,LastName363,2022-09-14,Premium,Organic,AU,True
364,customer364@email.com,FirstName364,LastName364,2022-01-27,Premium,Organic,UK,True
365,customer365@email.com,FirstName365,LastName365,2022-09-01,Basic,Social Media,US,False
366,customer366@email.com,FirstName366,LastName366,2022-06-28,Standard,Organic,CA,True
367,customer367@email.com,FirstName367,LastName367,2023-03-08,Basic,Organic,AU,False
368,customer368@email.com,FirstName368,LastName368,2022-03-07,Standard,Email,UK,False
369,customer369@email.com,FirstName369,LastName369,2023-06-10,Basic,Organic,DE,True
370,customer370@email.com,FirstName370,LastName370,2023-05-31,Premium,Referral,US,True
371,customer371@email.com,FirstName371,LastName371,2023-11-06,Basic,Social Media,DE,True
372,customer372@email.com,FirstName372,LastName372,2023-10-21,Premium,Organic,DE,True
373,customer373@email.com,FirstName373,LastName373,2023-02-16,Standard,Organic,DE,True
374,customer374@email.com,FirstName374,LastName374,2023-12-31,Standard,Organic,US,True
375,customer375@email.com,FirstName375,LastName375,2022-11-26,Basic,Paid Search,US,True
376,customer376@email.com,FirstName376,LastName376,2022-05-10,Standard,Referral,AU,True
377,customer377@email.com,FirstName377,LastName377,2023-08-23,Basic,Social Media,DE,False
378,customer378@email.com,FirstName378,LastName378,2023-09-04,Basic,Social Media,DE,True
379,customer379@email.com,FirstName379,LastName379,2023-06-02,Basic,Email,US,False
380,customer380@email.com,FirstName380,LastName380,2023-12-20,Premium,Referral,AU,True
381,customer381@email.com,FirstName381,LastName381,2022-08-09,Standard,Email,CA,True
382,customer382@email.com,FirstName382,LastName382,2023-02-28,Standard,Email,DE,True
383,customer383@email.com,FirstName383,LastName383,2023-03-02,Basic,Organic,UK,True
384,customer384@email.com,FirstName384,LastName384,2023-03-14,Standard,Social Media,UK,False
385,customer385@email.com,FirstName385,LastName385,2022-06-06,Basic,Email,US,True
386,customer386@email.com,FirstName386,LastName386,2022-04-04,Premium,Organic,DE,False
387,customer387@email.com,FirstName387,LastName387,2022-04-09,Basic,Social Media,CA,True
388,customer388@email.com,FirstName388,LastName388,2023-07-24,Premium,Referral,FR,True
389,customer389@email.com,FirstName389,LastName389,2023-07-30,Standard,Organic,DE,True
390,customer390@email.com,FirstName390,LastName390,2022-12-29,Basic,Email,AU,False
391,customer391@email.com,FirstName391,LastName391,2022-02-22,Standard,Referral,UK,False
392,customer392@email.com,FirstName392,LastName392,2022-12-27,Premium,Referral,FR,True
393,customer393@email.com,FirstName393,LastName393,2022-08-06,Premium,Email,CA,True
394,customer394@email.com,FirstName394,LastName394,2022-04-21,Standard,Referral,UK,True
395,customer395@email.com,FirstName395,LastName395,2022-04-28,Standard,Referral,CA,True
396,customer396@email.com,FirstName396,LastName396,2023-03-16,Basic,Referral,FR,False
397,customer397@email.com,FirstName397,LastName397,2023-11-23,Basic,Referral,US,False
398,customer398@email.com,FirstName398,LastName398,2023-09-16,Basic,Social Media,US,True
399,customer399@email.com,FirstName399,LastName399,2022-07-04,Standard,Social Media,UK,True
400,customer400@email.com,FirstName400,LastName400,2022-12-26,Premium,Paid Search,CA,True
401,customer401@email.com,FirstName401,LastName401,2023-08-03,Basic,Email,US,True
402,customer402@email.com,FirstName402,LastName402,2022-05-26,Basic,Organic,US,False
403,customer403@email.com,FirstName403,LastName403,2023-06-28,Premium,Email,DE,True
404,customer404@email.com,FirstName404,LastName404,2023-04-10,Standard,Paid Search,UK,False
405,customer405@email.com,FirstName405,LastName405,2022-11-16,Basic,Social Media,FR,True
406,customer406@email.com,FirstName406,LastName406,2023-09-03,Premium,Organic,CA,False
407,customer407@email.com,FirstName407,LastName407,2022-06-11,Basic,Organic,AU,True
408,customer408@email.com,FirstName408,LastName408,2022-03-25,Standard,Email,AU,True
409,customer409@email.com,FirstName409,LastName409,2023-03-11,Standard,Referral,DE,False
410,customer410@email.com,FirstName410,LastName410,2023-03-01,Standard,Paid Search,FR,True
411,customer411@email.com,FirstName411,LastName411,2022-04-27,Standard,Email,US,True
412,customer412@email.com,FirstName412,LastName412,2022-10-18,Basic,Referral,DE,False
413,customer413@email.com,FirstName413,LastName413,2023-06-24,Basic,Social Media,US,False
414,customer414@email.com,FirstName414,LastName414,2022-08-14,Standard,Referral,US,True
415,customer415@email.com,FirstName415,LastName415,2022-01-08,Premium,Social Media,CA,True
416,customer416@email.com,FirstName416,LastName416,2022-05-21,Standard,Social Media,UK,True
417,customer417@email.com,FirstName417,LastName417,2022-05-03,Premium,Email,AU,True
418,customer418@email.com,FirstName418,LastName418,2023-03-17,Premium,Paid Search,DE,True
419,customer419@email.com,FirstName419,LastName419,2023-06-30,Basic,Paid Search,FR,True
420,customer420@email.com,FirstName420,LastName420,2023-07-27,Basic,Social Media,US,True
421,customer421@email.com,FirstName421,LastName421,2023-02-11,Basic,Organic,DE,True
422,customer422@email.com,FirstName422,LastName422,2022-01-20,Standard,Organic,UK,True
423,customer423@email.com,FirstName423,LastName423,2023-08-13,Standard,Referral,DE,True
424,customer424@email.com,FirstName424,LastName424,2023-12-28,Basic,Email,UK,True
425,customer425@email.com,FirstName425,LastName425,2022-04-28,Standard,Organic,UK,True
426,customer426@email.com,FirstName426,LastName426,2022-06-25,Basic,Email,AU,True
427,customer427@email.com,FirstName427,LastName427,2023-01-06,Premium,Email,US,True
428,customer428@email.com,FirstName428,LastName428,2022-09-07,Standard,Referral,DE,False
429,customer429@email.com,FirstName429,LastName429,2023-06-21,Premium,Email,UK,True
430,customer430@email.com,FirstName430,LastName430,2022-12-14,Premium,Social Media,CA,True
431,customer431@email.com,FirstName431,LastName431,2022-03-20,Basic,Organic,FR,True
432,customer432@email.com,FirstName432,LastName432,2023-06-07,Premium,Social Media,UK,True
433,customer433@email.com,FirstName433,LastName433,2023-10-23,Premium,Paid Search,US,True
434,customer434@email.com,FirstName434,LastName434,2022-05-30,Standard,Paid Search,CA,True
435,customer435@email.com,FirstName435,LastName435,2023-09-09,Premium,Organic,CA,True
436,customer436@email.com,FirstName436,LastName436,2023-10-06,Standard,Email,FR,True
437,customer437@email.com,FirstName437,LastName437,2023-08-17,Standard,Referral,AU,True
438,customer438@email.com,FirstName438,LastName438,2023-10-13,Basic,Social Media,AU,False
439,customer439@email.com,FirstName439,LastName439,2022-11-20,Premium,Email,US,True
440,customer440@email.com,FirstName440,LastName440,2023-04-26,Standard,Social Media,UK,True
441,customer441@email.com,FirstName441,LastName441,2023-08-29,Premium,Social Media,FR,True
442,customer442@email.com,FirstName442,LastName442,2022-03-17,Standard,Email,DE,False
443,customer443@email.com,FirstName443,LastName443,2022-02-08,Premium,Social Media,UK,True
444,customer444@email.com,FirstName444,LastName444,2022-03-20,Basic,Organic,FR,True
445,customer445@email.com,FirstName445,LastName445,2023-09-01,Basic,Email,DE,False
446,customer446@email.com,FirstName446,LastName446,2023-08-18,Basic,Organic,DE,False
447,customer447@email.com,FirstName447,LastName447,2023-08-09,Basic,Paid Search,UK,False
448,customer448@email.com,FirstName448,LastName448,2023-09-12,Standard,Referral,CA,True
449,customer449@email.com,FirstName449,LastName449,2022-03-05,Standard,Organic,UK,True
450,customer450@email.com,FirstName450,LastName450,2022-03-28,Basic,Paid Search,US,True
451,customer451@email.com,FirstName451,LastName451,2022-09-11,Basic,Email,DE,True
452,customer452@email.com,FirstName452,LastName452,2023-06-21,Basic,Referral,CA,True
453,customer453@email.com,FirstName453,LastName453,2023-01-08,Standard,Social Media,DE,True
454,customer454@email.com,FirstName454,LastName454,2023-02-23,Standard,Referral,US,False
455,customer455@email.com,FirstName455,LastName455,2023-10-09,Basic,Social Media,US,True
456,customer456@email.com,FirstName456,LastName456,2022-12-04,Premium,Referral,AU,True
457,customer457@email.com,FirstName457,LastName457,2023-01-31,Standard,Social Media,AU,True
458,customer458@email.com,FirstName458,LastName458,2023-11-04,Basic,Paid Search,UK,True
459,customer459@email.com,FirstName459,LastName459,2022-03-25,Basic,Paid Search,UK,True
460,customer460@email.com,FirstName460,LastName460,2022-11-14,Basic,Email,CA,True
461,customer461@email.com,FirstName461,LastName461,2023-09-02,Basic,Organic,UK,True
462,customer462@email.com,FirstName462,LastName462,2023-07-27,Standard,Social Media,CA,True
463,customer463@email.com,FirstName463,LastName463,2023-11-18,Basic,Referral,US,True
464,customer464@email.com,FirstName464,LastName464,2023-10-24,Basic,Email,FR,True
465,customer465@email.com,FirstName465,LastName465,2023-01-06,Premium,Social Media,UK,False
466,customer466@email.com,FirstName466,LastName466,2022-07-04,Premium,Social Media,DE,True
467,customer467@email.com,FirstName467,LastName467,2022-07-16,Premium,Paid Search,CA,True
468,customer468@email.com,FirstName468,LastName468,2022-03-21,Standard,Organic,FR,False
469,customer469@email.com,FirstName469,LastName469,2023-07-07,Basic,Referral,US,True
470,customer470@email.com,FirstName470,LastName470,2023-11-09,Standard,Referral,CA,False
471,customer471@email.com,FirstName471,LastName471,2023-09-04,Standard,Paid Search,CA,True
472,customer472@email.com,FirstName472,LastName472,2022-07-05,Basic,Referral,CA,False
473,customer473@email.com,FirstName473,LastName473,2023-03-25,Premium,Email,UK,True
474,customer474@email.com,FirstName474,LastName474,2023-11-24,Basic,Paid Search,DE,False
475,customer475@email.com,FirstName475,LastName475,2023-09-18,Standard,Email,CA,True
476,customer476@email.com,FirstName476,LastName476,2023-07-01,Premium,Social Media,DE,False
477,customer477@email.com,FirstName477,LastName477,2022-07-18,Standard,Referral,DE,True
478,customer478@email.com,FirstName478,LastName478,2023-04-18,Standard,Email,FR,True
479,customer479@email.com,FirstName479,LastName479,2023-06-25,Standard,Paid Search,CA,False
480,customer480@email.com,FirstName480,LastName480,2023-09-12,Premium,Social Media,US,True
481,customer481@email.com,FirstName481,LastName481,2023-10-19,Standard,Social Media,FR,True
482,customer482@email.com,FirstName482,LastName482,2022-04-16,Basic,Referral,US,True
483,customer483@email.com,FirstName483,LastName483,2022-10-19,Premium,Paid Search,UK,True
484,customer484@email.com,FirstName484,LastName484,2023-04-06,Basic,Paid Search,DE,True
485,customer485@email.com,FirstName485,LastName485,2022-04-04,Premium,Email,UK,True
486,customer486@email.com,FirstName486,LastName486,2022-01-28,Standard,Organic,DE,False
487,customer487@email.com,FirstName487,LastName487,2023-05-30,Standard,Paid Search,DE,True
488,customer488@email.com,FirstName488,LastName488,2022-03-25,Standard,Paid Search,US,True
489,customer489@email.com,FirstName489,LastName489,2022-11-23,Premium,Social Media,CA,False
490,customer490@email.com,FirstName490,LastName490,2022-05-21,Premium,Social Media,DE,False
491,customer491@email.com,FirstName491,LastName491,2023-12-14,Premium,Email,DE,True
492,customer492@email.com,FirstName492,LastName492,2023-09-23,Premium,Organic,US,True
493,customer493@email.com,FirstName493,LastName493,2022-09-20,Premium,Paid Search,FR,True
494,customer494@email.com,FirstName494,LastName494,2023-09-16,Basic,Email,US,True
495,customer495@email.com,FirstName495,LastName495,2022-10-23,Premium,Social Media,US,True
496,customer496@email.com,FirstName496,LastName496,2022-02-18,Premium,Email,AU,True
497,customer497@email.com,FirstName497,LastName497,2023-09-30,Standard,Organic,US,True
498,customer498@email.com,FirstName498,LastName498,2023-05-27,Basic,Referral,US,True
499,customer499@email.com,FirstName499,LastName499,2023-10-10,Basic,Referral,CA,False
500,customer500@email.com,FirstName500,LastName500,2022-05-28,Standard,Email,US,False
501,customer501@email.com,FirstName501,LastName501,2023-09-22,Standard,Paid Search,FR,True
502,customer502@email.com,FirstName502,LastName502,2023-03-03,Premium,Organic,FR,True
503,customer503@email.com,FirstName503,LastName503,2023-01-05,Premium,Referral,FR,True
504,customer504@email.com,FirstName504,LastName504,2023-06-04,Basic,Referral,US,False
505,customer505@email.com,FirstName505,LastName505,2023-02-04,Standard,Organic,AU,True
506,customer506@email.com,FirstName506,LastName506,2023-02-01,Standard,Social Media,AU,True
507,customer507@email.com,FirstName507,LastName507,2022-01-17,Standard,Organic,UK,False
508,customer508@email.com,FirstName508,LastName508,2022-09-04,Basic,Organic,FR,False
509,customer509@email.com,FirstName509,LastName509,2022-12-07,Premium,Organic,UK,False
510,customer510@email.com,FirstName510,LastName510,2023-07-14,Standard,Paid Search,AU,True
511,customer511@email.com,FirstName511,LastName511,2023-04-21,Basic,Email,AU,True
512,customer512@email.com,FirstName512,LastName512,2022-07-06,Premium,Organic,AU,True
513,customer513@email.com,FirstName513,LastName513,2023-04-14,Premium,Social Media,CA,False
514,customer514@email.com,FirstName514,LastName514,2022-02-14,Premium,Organic,UK,False
515,customer515@email.com,FirstName515,LastName515,2022-11-14,Basic,Email,FR,True
516,customer516@email.com,FirstName516,LastName516,2023-04-30,Standard,Organic,AU,True
517,customer517@email.com,FirstName517,LastName517,2022-07-15,Standard,Social Media,US,True
518,customer518@email.com,FirstName518,LastName518,2023-11-03,Standard,Social Media,US,False
519,customer519@email.com,FirstName519,LastName519,2023-01-12,Standard,Email,AU,False
520,customer520@email.com,FirstName520,LastName520,2023-03-27,Standard,Social Media,CA,True
521,customer521@email.com,FirstName521,LastName521,2023-05-24,Basic,Email,UK,True
522,customer522@email.com,FirstName522,LastName522,2023-06-16,Standard,Organic,AU,True
523,customer523@email.com,FirstName523,LastName523,2023-03-11,Premium,Email,FR,False
524,customer524@email.com,FirstName524,LastName524,2022-07-04,Basic,Social Media,UK,False
525,customer525@email.com,FirstName525,LastName525,2022-04-16,Premium,Social Media,AU,False
526,customer526@email.com,FirstName526,LastName526,2022-10-30,Standard,Email,FR,True
527,customer527@email.com,FirstName527,LastName527,2023-03-13,Premium,Email,UK,True
528,customer528@email.com,FirstName528,LastName528,2023-04-03,Premium,Social Media,FR,True
529,customer529@email.com,FirstName529,LastName529,2023-03-22,Standard,Organic,US,True
530,customer530@email.com,FirstName530,LastName530,2023-11-19,Basic,Email,UK,False
531,customer531@email.com,FirstName531,LastName531,2023-06-10,Basic,Paid Search,US,False
532,customer532@email.com,FirstName532,LastName532,2022-05-27,Basic,Email,US,False
533,customer533@email.com,FirstName533,LastName533,2022-05-10,Premium,Paid Search,AU,False
534,customer534@email.com,FirstName534,LastName534,2023-01-11,Standard,Email,FR,True
535,customer535@email.com,FirstName535,LastName535,2022-02-03,Basic,Paid Search,AU,True
536,customer536@email.com,FirstName536,LastName536,2023-04-06,Standard,Social Media,DE,False
537,customer537@email.com,FirstName537,LastName537,2022-03-20,Basic,Paid Search,FR,False
538,customer538@email.com,FirstName538,LastName538,2023-01-11,Standard,Social Media,AU,True
539,customer539@email.com,FirstName539,LastName539,2022-10-13,Premium,Organic,US,True
540,customer540@email.com,FirstName540,LastName540,2022-07-10,Standard,Referral,DE,True
541,customer541@email.com,FirstName541,LastName541,2023-07-30,Premium,Social Media,UK,False
542,customer542@email.com,FirstName542,LastName542,2023-12-22,Standard,Paid Search,FR,True
543,customer543@email.com,FirstName543,LastName543,2022-10-20,Basic,Email,CA,True
544,customer544@email.com,FirstName544,LastName544,2022-05-06,Premium,Organic,DE,True
545,customer545@email.com,FirstName545,LastName545,2022-06-26,Basic,Email,US,True
546,customer546@email.com,FirstName546,LastName546,2023-11-30,Standard,Social Media,AU,True
547,customer547@email.com,FirstName547,LastName547,2022-03-08,Basic,Referral,UK,True
548,customer548@email.com,FirstName548,LastName548,2022-11-04,Premium,Paid Search,UK,True
549,customer549@email.com,FirstName549,LastName549,2023-06-05,Premium,Organic,CA,True
550,customer550@email.com,FirstName550,LastName550,2022-05-23,Premium,Email,US,True
551,customer551@email.com,FirstName551,LastName551,2023-01-05,Basic,Referral,UK,True
552,customer552@email.com,FirstName552,LastName552,2023-04-24,Basic,Paid Search,FR,False
553,customer553@email.com,FirstName553,LastName553,2022-03-30,Premium,Social Media,DE,True
554,customer554@email.com,FirstName554,LastName554,2023-05-06,Basic,Email,DE,True
555,customer555@email.com,FirstName555,LastName555,2023-08-12,Premium,Paid Search,UK,False
556,customer556@email.com,FirstName556,LastName556,2023-10-20,Premium,Email,DE,True
557,customer557@email.com,FirstName557,LastName557,2023-11-28,Basic,Social Media,CA,True
558,customer558@email.com,FirstName558,LastName558,2023-07-19,Basic,Referral,CA,True
559,customer559@email.com,FirstName559,LastName559,2022-05-13,Standard,Referral,US,True
560,customer560@email.com,FirstName560,LastName560,2022-05-08,Basic,Paid Search,UK,True
561,customer561@email.com,FirstName561,LastName561,2022-06-18,Premium,Social Media,AU,True
562,customer562@email.com,FirstName562,LastName562,2022-08-19,Standard,Referral,UK,True
563,customer563@email.com,FirstName563,LastName563,2022-03-22,Standard,Paid Search,AU,True
564,customer564@email.com,FirstName564,LastName564,2023-07-19,Standard,Paid Search,AU,True
565,customer565@email.com,FirstName565,LastName565,2022-11-07,Basic,Referral,US,True
566,customer566@email.com,FirstName566,LastName566,2023-05-30,Basic,Paid Search,FR,True
567,customer567@email.com,FirstName567,LastName567,2023-08-18,Premium,Paid Search,AU,True
568,customer568@email.com,FirstName568,LastName568,2023-10-02,Basic,Referral,UK,True
569,customer569@email.com,FirstName569,LastName569,2023-08-01,Premium,Organic,US,False
570,customer570@email.com,FirstName570,LastName570,2022-02-16,Basic,Referral,UK,True
571,customer571@email.com,FirstName571,LastName571,2023-10-29,Premium,Referral,DE,True
572,customer572@email.com,FirstName572,LastName572,2023-09-25,Basic,Organic,DE,True
573,customer573@email.com,FirstName573,LastName573,2023-10-05,Basic,Social Media,AU,True
574,customer574@email.com,FirstName574,LastName574,2022-11-06,Standard,Paid Search,AU,True
575,customer575@email.com,FirstName575,LastName575,2023-02-20,Standard,Email,US,False
576,customer576@email.com,FirstName576,LastName576,2023-12-07,Premium,Paid Search,DE,False
577,customer577@email.com,FirstName577,LastName577,2023-03-02,Standard,Email,CA,True
578,customer578@email.com,FirstName578,LastName578,2022-12-15,Basic,Paid Search,UK,False
579,customer579@email.com,FirstName579,LastName579,2022-11-23,Basic,Social Media,DE,True
580,customer580@email.com,FirstName580,LastName580,2022-05-14,Standard,Referral,FR,True
581,customer581@email.com,FirstName581,LastName581,2022-04-19,Standard,Paid Search,DE,True
582,customer582@email.com,FirstName582,LastName582,2022-05-06,Standard,Email,CA,False
583,customer583@email.com,FirstName583,LastName583,2022-05-25,Premium,Organic,UK,True
584,customer584@email.com,FirstName584,LastName584,2023-01-29,Basic,Email,CA,True
585,customer585@email.com,FirstName585,LastName585,2022-06-13,Standard,Referral,AU,True
586,customer586@email.com,FirstName586,LastName586,2022-11-17,Premium,Paid Search,DE,True
587,customer587@email.com,FirstName587,LastName587,2023-06-12,Standard,Email,UK,True
588,customer588@email.com,FirstName588,LastName588,2023-05-25,Premium,Organic,DE,True
589,customer589@email.com,FirstName589,LastName589,2023-06-02,Standard,Paid Search,CA,True
590,customer590@email.com,FirstName590,LastName590,2023-08-21,Standard,Organic,US,True
591,customer591@email.com,FirstName591,LastName591,2022-10-16,Standard,Referral,AU,True
592,customer592@email.com,FirstName592,LastName592,2023-11-20,Standard,Social Media,FR,True
593,customer593@email.com,FirstName593,LastName593,2022-01-09,Premium,Email,CA,True
594,customer594@email.com,FirstName594,LastName594,2022-09-28,Basic,Social Media,DE,True
595,customer595@email.com,FirstName595,LastName595,2023-01-10,Premium,Email,US,False
596,customer596@email.com,FirstName596,LastName596,2023-08-07,Basic,Paid Search,UK,True
597,customer597@email.com,FirstName597,LastName597,2023-07-21,Standard,Organic,DE,True
598,customer598@email.com,FirstName598,LastName598,2023-06-01,Standard,Referral,UK,True
599,customer599@email.com,FirstName599,LastName599,2023-10-01,Basic,Referral,US,True
600,customer600@email.com,FirstName600,LastName600,2022-05-12,Premium,Email,UK,True
601,customer601@email.com,FirstName601,LastName601,2022-12-14,Basic,Social Media,CA,True
602,customer602@email.com,FirstName602,LastName602,2022-07-23,Basic,Referral,DE,True
603,customer603@email.com,FirstName603,LastName603,2023-05-28,Premium,Organic,US,True
604,customer604@email.com,FirstName604,LastName604,2022-05-21,Basic,Social Media,DE,True
605,customer605@email.com,FirstName605,LastName605,2023-06-16,Standard,Paid Search,FR,True
606,customer606@email.com,FirstName606,LastName606,2023-06-12,Premium,Social Media,FR,True
607,customer607@email.com,FirstName607,LastName607,2022-11-23,Premium,Email,FR,True
608,customer608@email.com,FirstName608,LastName608,2022-11-03,Basic,Social Media,FR,True
609,customer609@email.com,FirstName609,LastName609,2023-06-06,Basic,Email,AU,True
610,customer610@email.com,FirstName610,LastName610,2023-07-31,Standard,Email,US,True
611,customer611@email.com,FirstName611,LastName611,2023-01-13,Standard,Organic,DE,True
612,customer612@email.com,FirstName612,LastName612,2023-08-21,Standard,Organic,FR,True
613,customer613@email.com,FirstName613,LastName613,2023-05-01,Standard,Referral,FR,True
614,customer614@email.com,FirstName614,LastName614,2022-08-22,Basic,Organic,FR,True
615,customer615@email.com,FirstName615,LastName615,2023-05-07,Premium,Referral,AU,False
616,customer616@email.com,FirstName616,LastName616,2023-09-27,Standard,Paid Search,AU,False
617,customer617@email.com,FirstName617,LastName617,2022-09-06,Premium,Referral,AU,True
618,customer618@email.com,FirstName618,LastName618,2022-04-23,Premium,Organic,DE,True
619,customer619@email.com,FirstName619,LastName619,2022-11-18,Standard,Paid Search,DE,False
620,customer620@email.com,FirstName620,LastName620,2023-12-09,Premium,Email,FR,True
621,customer621@email.com,FirstName621,LastName621,2023-09-19,Standard,Organic,AU,True
622,customer622@email.com,FirstName622,LastName622,2022-05-22,Basic,Paid Search,FR,True
623,customer623@email.com,FirstName623,LastName623,2022-11-29,Basic,Email,FR,True
624,customer624@email.com,FirstName624,LastName624,2023-01-21,Standard,Paid Search,DE,True
625,customer625@email.com,FirstName625,LastName625,2023-06-30,Standard,Referral,UK,True
626,customer626@email.com,FirstName626,LastName626,2023-11-24,Basic,Social Media,FR,True
627,customer627@email.com,FirstName627,LastName627,2023-05-11,Premium,Paid Search,UK,True
628,customer628@email.com,FirstName628,LastName628,2023-07-26,Standard,Paid Search,UK,True
629,customer629@email.com,FirstName629,LastName629,2022-10-23,Basic,Paid Search,AU,True
630,customer630@email.com,FirstName630,LastName630,2023-12-23,Standard,Social Media,DE,True
631,customer631@email.com,FirstName631,LastName631,2022-12-24,Basic,Social Media,UK,True
632,customer632@email.com,FirstName632,LastName632,2022-05-05,Basic,Referral,DE,False
633,customer633@email.com,FirstName633,LastName633,2023-02-09,Standard,Paid Search,UK,True
634,customer634@email.com,FirstName634,LastName634,2022-02-13,Standard,Organic,UK,True
635,customer635@email.com,FirstName635,LastName635,2023-03-29,Basic,Social Media,AU,True
636,customer636@email.com,FirstName636,LastName636,2023-05-06,Premium,Paid Search,FR,True
637,customer637@email.com,FirstName637,LastName637,2022-10-05,Basic,Social Media,CA,True
638,customer638@email.com,FirstName638,LastName638,2022-04-22,Basic,Referral,CA,True
639,customer639@email.com,FirstName639,LastName639,2022-09-06,Premium,Referral,CA,True
640,customer640@email.com,FirstName640,LastName640,2023-10-16,Premium,Organic,US,True
641,customer641@email.com,FirstName641,LastName641,2023-02-28,Standard,Email,US,True
642,customer642@email.com,FirstName642,LastName642,2023-11-29,Premium,Organic,FR,True
643,customer643@email.com,FirstName643,LastName643,2022-06-11,Standard,Email,DE,True
644,customer644@email.com,FirstName644,LastName644,2023-10-29,Premium,Social Media,UK,True
645,customer645@email.com,FirstName645,LastName645,2022-10-20,Basic,Organic,US,True
646,customer646@email.com,FirstName646,LastName646,2023-10-30,Basic,Paid Search,FR,False
647,customer647@email.com,FirstName647,LastName647,2022-02-08,Premium,Email,CA,True
648,customer648@email.com,FirstName648,LastName648,2022-02-07,Standard,Email,CA,True
649,customer649@email.com,FirstName649,LastName649,2022-10-24,Premium,Organic,UK,True
650,customer650@email.com,FirstName650,LastName650,2023-08-05,Basic,Organic,UK,True
651,customer651@email.com,FirstName651,LastName651,2022-10-19,Standard,Referral,FR,True
652,customer652@email.com,FirstName652,LastName652,2023-05-21,Premium,Referral,DE,True
653,customer653@email.com,FirstName653,LastName653,2022-10-07,Premium,Organic,UK,True
654,customer654@email.com,FirstName654,LastName654,2022-06-16,Basic,Email,AU,True
655,customer655@email.com,FirstName655,LastName655,2022-09-21,Basic,Paid Search,US,True
656,customer656@email.com,FirstName656,LastName656,2022-12-12,Standard,Referral,AU,True
657,customer657@email.com,FirstName657,LastName657,2022-07-17,Premium,Referral,AU,True
658,customer658@email.com,FirstName658,LastName658,2023-02-20,Standard,Referral,UK,True
659,customer659@email.com,FirstName659,LastName659,2022-03-30,Standard,Organic,CA,True
660,customer660@email.com,FirstName660,LastName660,2022-05-24,Standard,Social Media,CA,True
661,customer661@email.com,FirstName661,LastName661,2022-01-07,Standard,Email,CA,True
662,customer662@email.com,FirstName662,LastName662,2023-04-03,Standard,Social Media,UK,False
663,customer663@email.com,FirstName663,LastName663,2023-08-20,Basic,Referral,US,True
664,customer664@email.com,FirstName664,LastName664,2022-09-25,Basic,Social Media,AU,True
665,customer665@email.com,FirstName665,LastName665,2022-08-30,Premium,Organic,DE,True
666,customer666@email.com,FirstName666,LastName666,2022-11-11,Premium,Email,AU,True
667,customer667@email.com,FirstName667,LastName667,2023-05-30,Basic,Social Media,AU,True
668,customer668@email.com,FirstName668,LastName668,2022-05-01,Basic,Social Media,UK,True
669,customer669@email.com,FirstName669,LastName669,2023-09-22,Premium,Paid Search,CA,True
670,customer670@email.com,FirstName670,LastName670,2023-05-05,Premium,Email,AU,True
671,customer671@email.com,FirstName671,LastName671,2023-09-13,Standard,Email,AU,True
672,customer672@email.com,FirstName672,LastName672,2023-07-17,Standard,Referral,AU,False
673,customer673@email.com,FirstName673,LastName673,2022-08-12,Premium,Referral,US,True
674,customer674@email.com,FirstName674,LastName674,2023-06-23,Standard,Referral,AU,True
675,customer675@email.com,FirstName675,LastName675,2023-01-06,Premium,Referral,US,True
676,customer676@email.com,FirstName676,LastName676,2022-03-05,Basic,Referral,CA,False
677,customer677@email.com,FirstName677,LastName677,2023-08-10,Basic,Paid Search,CA,True
678,customer678@email.com,FirstName678,LastName678,2022-12-02,Basic,Email,US,True
679,customer679@email.com,FirstName679,LastName679,2023-11-28,Premium,Referral,DE,False
680,customer680@email.com,FirstName680,LastName680,2022-04-04,Basic,Email,US,False
681,customer681@email.com,FirstName681,LastName681,2023-04-10,Premium,Referral,DE,False
682,customer682@email.com,FirstName682,LastName682,2023-04-13,Basic,Organic,FR,True
683,customer683@email.com,FirstName683,LastName683,2023-04-19,Basic,Social Media,AU,True
684,customer684@email.com,FirstName684,LastName684,2022-01-23,Standard,Social Media,US,True
685,customer685@email.com,FirstName685,LastName685,2022-08-12,Basic,Organic,US,False
686,customer686@email.com,FirstName686,LastName686,2023-03-10,Standard,Organic,FR,True
687,customer687@email.com,FirstName687,LastName687,2022-03-03,Premium,Email,US,True
688,customer688@email.com,FirstName688,LastName688,2022-10-21,Standard,Paid Search,CA,True
689,customer689@email.com,FirstName689,LastName689,2023-10-19,Basic,Email,UK,True
690,customer690@email.com,FirstName690,LastName690,2023-01-27,Standard,Email,DE,True
691,customer691@email.com,FirstName691,LastName691,2022-03-24,Basic,Referral,CA,True
692,customer692@email.com,FirstName692,LastName692,2023-11-01,Standard,Organic,CA,True
693,customer693@email.com,FirstName693,LastName693,2023-07-05,Standard,Referral,CA,True
694,customer694@email.com,FirstName694,LastName694,2022-08-17,Premium,Organic,UK,True
695,customer695@email.com,FirstName695,LastName695,2023-04-20,Basic,Referral,DE,True
696,customer696@email.com,FirstName696,LastName696,2023-06-29,Standard,Paid Search,CA,True
697,customer697@email.com,FirstName697,LastName697,2023-04-17,Standard,Paid Search,UK,True
698,customer698@email.com,FirstName698,LastName698,2022-07-13,Basic,Organic,US,True
699,customer699@email.com,FirstName699,LastName699,2023-11-08,Standard,Referral,US,True
700,customer700@email.com,FirstName700,LastName700,2022-09-04,Premium,Organic,US,True
701,customer701@email.com,FirstName701,LastName701,2023-09-01,Premium,Email,FR,True
702,customer702@email.com,FirstName702,LastName702,2023-11-20,Basic,Organic,CA,True
703,customer703@email.com,FirstName703,LastName703,2022-02-15,Standard,Email,CA,True
704,customer704@email.com,FirstName704,LastName704,2023-07-07,Premium,Organic,CA,True
705,customer705@email.com,FirstName705,LastName705,2023-05-31,Standard,Paid Search,AU,True
706,customer706@email.com,FirstName706,LastName706,2023-08-13,Standard,Referral,FR,False
707,customer707@email.com,FirstName707,LastName707,2023-11-20,Standard,Paid Search,UK,True
708,customer708@email.com,FirstName708,LastName708,2022-05-27,Basic,Referral,CA,False
709,customer709@email.com,FirstName709,LastName709,2023-02-28,Standard,Social Media,US,True
710,customer710@email.com,FirstName710,LastName710,2023-07-25,Basic,Paid Search,AU,True
711,customer711@email.com,FirstName711,LastName711,2023-11-27,Standard,Referral,DE,True
712,customer712@email.com,FirstName712,LastName712,2022-02-18,Standard,Email,FR,True
713,customer713@email.com,FirstName713,LastName713,2022-11-23,Basic,Email,DE,True
714,customer714@email.com,FirstName714,LastName714,2022-06-02,Standard,Email,CA,True
715,customer715@email.com,FirstName715,LastName715,2023-07-05,Standard,Paid Search,CA,True
716,customer716@email.com,FirstName716,LastName716,2022-11-04,Basic,Paid Search,DE,False
717,customer717@email.com,FirstName717,LastName717,2022-03-01,Basic,Email,DE,False
718,customer718@email.com,FirstName718,LastName718,2023-07-25,Basic,Paid Search,DE,False
719,customer719@email.com,FirstName719,LastName719,2022-09-06,Standard,Paid Search,UK,True
720,customer720@email.com,FirstName720,LastName720,2023-10-25,Premium,Email,UK,True
721,customer721@email.com,FirstName721,LastName721,2022-04-05,Basic,Paid Search,US,False
722,customer722@email.com,FirstName722,LastName722,2022-10-02,Standard,Referral,FR,True
723,customer723@email.com,FirstName723,LastName723,2022-02-10,Premium,Paid Search,FR,True
724,customer724@email.com,FirstName724,LastName724,2023-11-19,Basic,Paid Search,DE,True
725,customer725@email.com,FirstName725,LastName725,2022-08-02,Standard,Social Media,US,True
726,customer726@email.com,FirstName726,LastName726,2022-08-05,Premium,Organic,AU,False
727,customer727@email.com,FirstName727,LastName727,2023-05-06,Premium,Referral,AU,True
728,customer728@email.com,FirstName728,LastName728,2022-07-29,Standard,Paid Search,FR,True
729,customer729@email.com,FirstName729,LastName729,2022-11-26,Standard,Email,DE,True
730,customer730@email.com,FirstName730,LastName730,2023-07-01,Basic,Social Media,UK,True
731,customer731@email.com,FirstName731,LastName731,2022-09-25,Standard,Referral,DE,True
732,customer732@email.com,FirstName732,LastName732,2023-04-23,Premium,Email,UK,False
733,customer733@email.com,FirstName733,LastName733,2022-07-28,Standard,Social Media,DE,True
734,customer734@email.com,FirstName734,LastName734,2022-02-16,Basic,Paid Search,AU,True
735,customer735@email.com,FirstName735,LastName735,2022-05-30,Premium,Social Media,FR,True
736,customer736@email.com,FirstName736,LastName736,2023-08-22,Basic,Email,UK,False
737,customer737@email.com,FirstName737,LastName737,2022-06-06,Premium,Social Media,CA,True
738,customer738@email.com,FirstName738,LastName738,2023-01-24,Basic,Paid Search,DE,False
739,customer739@email.com,FirstName739,LastName739,2023-07-18,Basic,Social Media,UK,True
740,customer740@email.com,FirstName740,LastName740,2023-05-16,Basic,Email,DE,True
741,customer741@email.com,FirstName741,LastName741,2022-06-22,Basic,Social Media,CA,True
742,customer742@email.com,FirstName742,LastName742,2022-05-24,Basic,Referral,DE,True
743,customer743@email.com,FirstName743,LastName743,2022-07-08,Basic,Organic,FR,True
744,customer744@email.com,FirstName744,LastName744,2022-02-04,Premium,Organic,US,True
745,customer745@email.com,FirstName745,LastName745,2023-02-27,Premium,Paid Search,US,True
746,customer746@email.com,FirstName746,LastName746,2023-12-26,Premium,Organic,CA,False
747,customer747@email.com,FirstName747,LastName747,2023-06-02,Standard,Social Media,US,True
748,customer748@email.com,FirstName748,LastName748,2023-09-25,Basic,Referral,DE,True
749,customer749@email.com,FirstName749,LastName749,2023-11-07,Standard,Organic,US,False
750,customer750@email.com,FirstName750,LastName750,2023-06-29,Basic,Email,US,True
751,customer751@email.com,FirstName751,LastName751,2022-01-18,Basic,Social Media,FR,True
752,customer752@email.com,FirstName752,LastName752,2022-10-21,Premium,Referral,AU,False
753,customer753@email.com,FirstName753,LastName753,2023-11-22,Standard,Paid Search,US,True
754,customer754@email.com,FirstName754,LastName754,2022-04-09,Basic,Paid Search,CA,True
755,customer755@email.com,FirstName755,LastName755,2022-07-16,Basic,Referral,UK,True
756,customer756@email.com,FirstName756,LastName756,2022-12-29,Standard,Email,US,True
757,customer757@email.com,FirstName757,LastName757,2023-01-18,Standard,Email,FR,True
758,customer758@email.com,FirstName758,LastName758,2022-09-07,Basic,Paid Search,UK,True
759,customer759@email.com,FirstName759,LastName759,2023-12-02,Premium,Organic,US,False
760,customer760@email.com,FirstName760,LastName760,2023-02-20,Standard,Email,FR,True
761,customer761@email.com,FirstName761,LastName761,2023-05-03,Premium,Organic,AU,True
762,customer762@email.com,FirstName762,LastName762,2022-06-25,Premium,Email,DE,True
763,customer763@email.com,FirstName763,LastName763,2023-10-23,Standard,Referral,US,True
764,customer764@email.com,FirstName764,LastName764,2023-06-25,Premium,Paid Search,CA,True
765,customer765@email.com,FirstName765,LastName765,2023-12-10,Basic,Email,UK,True
766,customer766@email.com,FirstName766,LastName766,2022-02-17,Premium,Social Media,FR,True
767,customer767@email.com,FirstName767,LastName767,2023-08-01,Basic,Organic,CA,True
768,customer768@email.com,FirstName768,LastName768,2022-11-19,Premium,Paid Search,FR,False
769,customer769@email.com,FirstName769,LastName769,2022-05-28,Basic,Email,US,True
770,customer770@email.com,FirstName770,LastName770,2022-11-03,Premium,Referral,CA,False
771,customer771@email.com,FirstName771,LastName771,2023-08-04,Standard,Referral,UK,True
772,customer772@email.com,FirstName772,LastName772,2023-01-29,Basic,Paid Search,AU,False
773,customer773@email.com,FirstName773,LastName773,2022-03-22,Basic,Social Media,US,True
774,customer774@email.com,FirstName774,LastName774,2022-04-11,Standard,Paid Search,US,True
775,customer775@email.com,FirstName775,LastName775,2022-12-15,Basic,Referral,FR,True
776,customer776@email.com,FirstName776,LastName776,2023-02-11,Standard,Organic,AU,True
777,customer777@email.com,FirstName777,LastName777,2022-10-07,Standard,Email,CA,True
778,customer778@email.com,FirstName778,LastName778,2022-12-31,Basic,Email,DE,True
779,customer779@email.com,FirstName779,LastName779,2022-07-10,Basic,Referral,AU,True
780,customer780@email.com,FirstName780,LastName780,2023-01-25,Premium,Referral,UK,True
781,customer781@email.com,FirstName781,LastName781,2022-09-10,Basic,Organic,US,True
782,customer782@email.com,FirstName782,LastName782,2022-10-02,Premium,Email,AU,True
783,customer783@email.com,FirstName783,LastName783,2023-10-12,Premium,Email,UK,True
784,customer784@email.com,FirstName784,LastName784,2023-01-05,Premium,Organic,US,True
785,customer785@email.com,FirstName785,LastName785,2022-11-12,Standard,Social Media,UK,True
786,customer786@email.com,FirstName786,LastName786,2022-04-15,Premium,Organic,CA,False
787,customer787@email.com,FirstName787,LastName787,2023-03-18,Standard,Referral,FR,True
788,customer788@email.com,FirstName788,LastName788,2023-06-09,Standard,Organic,US,True
789,customer789@email.com,FirstName789,LastName789,2022-04-02,Standard,Referral,US,True
790,customer790@email.com,FirstName790,LastName790,2023-09-04,Basic,Social Media,DE,False
791,customer791@email.com,FirstName791,LastName791,2022-01-13,Standard,Email,DE,True
792,customer792@email.com,FirstName792,LastName792,2022-03-28,Basic,Referral,CA,True
793,customer793@email.com,FirstName793,LastName793,2023-08-09,Basic,Paid Search,AU,True
794,customer794@email.com,FirstName794,LastName794,2023-01-25,Premium,Paid Search,UK,True
795,customer795@email.com,FirstName795,LastName795,2022-11-05,Standard,Email,CA,True
796,customer796@email.com,FirstName796,LastName796,2022-03-06,Premium,Email,UK,False
797,customer797@email.com,FirstName797,LastName797,2023-03-08,Standard,Email,US,False
798,customer798@email.com,FirstName798,LastName798,2023-01-05,Standard,Paid Search,AU,True
799,customer799@email.com,FirstName799,LastName799,2023-10-03,Standard,Referral,FR,True
800,customer800@email.com,FirstName800,LastName800,2022-07-20,Standard,Organic,CA,False
801,customer801@email.com,FirstName801,LastName801,2022-11-08,Premium,Email,UK,True
802,customer802@email.com,FirstName802,LastName802,2023-09-28,Standard,Social Media,DE,True
803,customer803@email.com,FirstName803,LastName803,2022-12-09,Standard,Referral,CA,True
804,customer804@email.com,FirstName804,LastName804,2022-11-04,Standard,Referral,AU,True
805,customer805@email.com,FirstName805,LastName805,2022-07-25,Standard,Social Media,CA,True
806,customer806@email.com,FirstName806,LastName806,2023-02-12,Standard,Social Media,AU,True
807,customer807@email.com,FirstName807,LastName807,2023-12-13,Basic,Email,FR,False
808,customer808@email.com,FirstName808,LastName808,2022-09-06,Standard,Email,UK,False
809,customer809@email.com,FirstName809,LastName809,2023-02-07,Standard,Organic,FR,True
810,customer810@email.com,FirstName810,LastName810,2022-07-24,Basic,Referral,CA,True
811,customer811@email.com,FirstName811,LastName811,2023-11-30,Basic,Organic,AU,False
812,customer812@email.com,FirstName812,LastName812,2023-04-18,Basic,Paid Search,DE,False
813,customer813@email.com,FirstName813,LastName813,2022-10-26,Basic,Organic,DE,True
814,customer814@email.com,FirstName814,LastName814,2023-11-21,Standard,Paid Search,AU,False
815,customer815@email.com,FirstName815,LastName815,2022-11-07,Premium,Social Media,AU,False
816,customer816@email.com,FirstName816,LastName816,2022-06-07,Basic,Email,DE,True
817,customer817@email.com,FirstName817,LastName817,2022-03-17,Standard,Referral,DE,True
818,customer818@email.com,FirstName818,LastName818,2023-08-20,Standard,Referral,FR,True
819,customer819@email.com,FirstName819,LastName819,2023-12-10,Standard,Referral,US,True
820,customer820@email.com,FirstName820,LastName820,2023-01-04,Basic,Referral,FR,True
821,customer821@email.com,FirstName821,LastName821,2023-10-16,Premium,Organic,CA,False
822,customer822@email.com,FirstName822,LastName822,2023-11-05,Basic,Social Media,CA,True
823,customer823@email.com,FirstName823,LastName823,2023-10-25,Basic,Organic,FR,True
824,customer824@email.com,FirstName824,LastName824,2023-10-23,Basic,Email,UK,True
825,customer825@email.com,FirstName825,LastName825,2023-03-17,Premium,Organic,US,True
826,customer826@email.com,FirstName826,LastName826,2022-09-22,Premium,Referral,AU,False
827,customer827@email.com,FirstName827,LastName827,2023-06-16,Basic,Referral,AU,True
828,customer828@email.com,FirstName828,LastName828,2023-08-13,Premium,Email,UK,True
829,customer829@email.com,FirstName829,LastName829,2023-02-05,Standard,Referral,AU,True
830,customer830@email.com,FirstName830,LastName830,2023-05-28,Premium,Social Media,US,True
831,customer831@email.com,FirstName831,LastName831,2023-05-10,Premium,Social Media,DE,True
832,customer832@email.com,FirstName832,LastName832,2022-03-29,Premium,Paid Search,UK,True
833,customer833@email.com,FirstName833,LastName833,2022-11-16,Standard,Email,CA,True
834,customer834@email.com,FirstName834,LastName834,2023-06-18,Standard,Social Media,DE,True
835,customer835@email.com,FirstName835,LastName835,2022-04-10,Standard,Email,UK,True
836,customer836@email.com,FirstName836,LastName836,2022-03-10,Standard,Organic,AU,True
837,customer837@email.com,FirstName837,LastName837,2022-04-28,Premium,Social Media,AU,False
838,customer838@email.com,FirstName838,LastName838,2022-04-22,Basic,Paid Search,AU,True
839,customer839@email.com,FirstName839,LastName839,2022-09-07,Basic,Paid Search,FR,True
840,customer840@email.com,FirstName840,LastName840,2022-06-13,Standard,Referral,DE,True
841,customer841@email.com,FirstName841,LastName841,2023-04-19,Premium,Email,AU,True
842,customer842@email.com,FirstName842,LastName842,2022-07-08,Premium,Email,DE,True
843,customer843@email.com,FirstName843,LastName843,2022-01-30,Basic,Referral,CA,True
844,customer844@email.com,FirstName844,LastName844,2023-04-06,Basic,Email,DE,False
845,customer845@email.com,FirstName845,LastName845,2022-01-05,Basic,Paid Search,CA,True
846,customer846@email.com,FirstName846,LastName846,2022-10-13,Basic,Organic,FR,True
847,customer847@email.com,FirstName847,LastName847,2022-04-15,Basic,Paid Search,UK,True
848,customer848@email.com,FirstName848,LastName848,2022-11-30,Premium,Email,US,False
849,customer849@email.com,FirstName849,LastName849,2022-09-26,Basic,Email,FR,True
850,customer850@email.com,FirstName850,LastName850,2023-10-17,Standard,Referral,DE,True
851,customer851@email.com,FirstName851,LastName851,2023-09-18,Standard,Referral,US,True
852,customer852@email.com,FirstName852,LastName852,2022-12-23,Standard,Email,FR,True
853,customer853@email.com,FirstName853,LastName853,2022-06-26,Basic,Social Media,FR,True
854,customer854@email.com,FirstName854,LastName854,2023-08-28,Premium,Paid Search,UK,False
855,customer855@email.com,FirstName855,LastName855,2022-05-01,Premium,Social Media,US,True
856,customer856@email.com,FirstName856,LastName856,2022-07-07,Standard,Paid Search,FR,True
857,customer857@email.com,FirstName857,LastName857,2023-02-02,Standard,Referral,CA,True
858,customer858@email.com,FirstName858,LastName858,2023-08-12,Standard,Email,CA,True
859,customer859@email.com,FirstName859,LastName859,2023-05-14,Basic,Referral,AU,True
860,customer860@email.com,FirstName860,LastName860,2023-10-23,Premium,Referral,CA,True
861,customer861@email.com,FirstName861,LastName861,2023-05-17,Standard,Paid Search,CA,True
862,customer862@email.com,FirstName862,LastName862,2022-11-19,Standard,Referral,US,True
863,customer863@email.com,FirstName863,LastName863,2023-01-03,Premium,Email,CA,True
864,customer864@email.com,FirstName864,LastName864,2022-07-19,Standard,Referral,FR,True
865,customer865@email.com,FirstName865,LastName865,2023-10-31,Standard,Email,AU,True
866,customer866@email.com,FirstName866,LastName866,2023-05-19,Standard,Email,DE,True
867,customer867@email.com,FirstName867,LastName867,2022-06-21,Premium,Referral,US,True
868,customer868@email.com,FirstName868,LastName868,2022-08-14,Standard,Organic,UK,True
869,customer869@email.com,FirstName869,LastName869,2022-08-19,Basic,Social Media,CA,False
870,customer870@email.com,FirstName870,LastName870,2023-04-14,Basic,Email,FR,False
871,customer871@email.com,FirstName871,LastName871,2023-06-08,Premium,Referral,US,True
872,customer872@email.com,FirstName872,LastName872,2022-10-02,Basic,Social Media,FR,True
873,customer873@email.com,FirstName873,LastName873,2022-02-12,Basic,Email,FR,True
874,customer874@email.com,FirstName874,LastName874,2022-08-12,Standard,Organic,AU,True
875,customer875@email.com,FirstName875,LastName875,2023-11-01,Premium,Social Media,US,True
876,customer876@email.com,FirstName876,LastName876,2023-04-06,Standard,Social Media,US,True
877,customer877@email.com,FirstName877,LastName877,2023-03-26,Premium,Paid Search,CA,True
878,customer878@email.com,FirstName878,LastName878,2023-08-26,Basic,Social Media,AU,True
879,customer879@email.com,FirstName879,LastName879,2023-09-17,Basic,Email,CA,True
880,customer880@email.com,FirstName880,LastName880,2023-09-23,Premium,Paid Search,CA,True
881,customer881@email.com,FirstName881,LastName881,2022-03-02,Basic,Social Media,FR,True
882,customer882@email.com,FirstName882,LastName882,2022-10-15,Basic,Referral,CA,True
883,customer883@email.com,FirstName883,LastName883,2022-11-28,Basic,Social Media,UK,True
884,customer884@email.com,FirstName884,LastName884,2023-08-10,Standard,Referral,AU,True
885,customer885@email.com,FirstName885,LastName885,2022-04-08,Premium,Email,US,True
886,customer886@email.com,FirstName886,LastName886,2022-10-11,Basic,Paid Search,AU,True
887,customer887@email.com,FirstName887,LastName887,2022-05-16,Premium,Paid Search,AU,True
888,customer888@email.com,FirstName888,LastName888,2022-11-26,Premium,Email,DE,True
889,customer889@email.com,FirstName889,LastName889,2022-05-26,Basic,Social Media,AU,True
890,customer890@email.com,FirstName890,LastName890,2023-03-01,Standard,Email,US,True
891,customer891@email.com,FirstName891,LastName891,2023-10-11,Premium,Email,FR,True
892,customer892@email.com,FirstName892,LastName892,2022-10-12,Basic,Social Media,DE,False
893,customer893@email.com,FirstName893,LastName893,2023-05-15,Standard,Referral,US,False
894,customer894@email.com,FirstName894,LastName894,2022-04-06,Basic,Email,AU,True
895,customer895@email.com,FirstName895,LastName895,2023-11-12,Basic,Social Media,US,True
896,customer896@email.com,FirstName896,LastName896,2023-07-02,Standard,Paid Search,DE,True
897,customer897@email.com,FirstName897,LastName897,2022-08-05,Standard,Social Media,UK,True
898,customer898@email.com,FirstName898,LastName898,2022-10-18,Standard,Referral,FR,False
899,customer899@email.com,FirstName899,LastName899,2022-05-14,Basic,Email,UK,True
900,customer900@email.com,FirstName900,LastName900,2023-11-30,Premium,Organic,US,True
901,customer901@email.com,FirstName901,LastName901,2023-10-04,Standard,Organic,US,True
902,customer902@email.com,FirstName902,LastName902,2022-06-11,Standard,Email,US,True
903,customer903@email.com,FirstName903,LastName903,2023-03-15,Premium,Paid Search,AU,True
904,customer904@email.com,FirstName904,LastName904,2022-11-06,Premium,Social Media,US,True
905,customer905@email.com,FirstName905,LastName905,2023-11-02,Standard,Social Media,US,True
906,customer906@email.com,FirstName906,LastName906,2023-01-16,Basic,Paid Search,US,False
907,customer907@email.com,FirstName907,LastName907,2023-02-10,Basic,Social Media,AU,False
908,customer908@email.com,FirstName908,LastName908,2023-12-18,Premium,Email,AU,True
909,customer909@email.com,FirstName909,LastName909,2022-04-04,Basic,Organic,US,True
910,customer910@email.com,FirstName910,LastName910,2022-08-07,Standard,Organic,CA,True
911,customer911@email.com,FirstName911,LastName911,2023-08-31,Premium,Referral,AU,True
912,customer912@email.com,FirstName912,LastName912,2023-04-01,Premium,Organic,AU,True
913,customer913@email.com,FirstName913,LastName913,2022-12-18,Premium,Email,AU,True
914,customer914@email.com,FirstName914,LastName914,2022-05-16,Standard,Organic,CA,True
915,customer915@email.com,FirstName915,LastName915,2023-01-28,Premium,Organic,US,True
916,customer916@email.com,FirstName916,LastName916,2022-11-17,Standard,Social Media,CA,True
917,customer917@email.com,FirstName917,LastName917,2023-01-27,Premium,Paid Search,US,True
918,customer918@email.com,FirstName918,LastName918,2023-06-28,Basic,Organic,FR,False
919,customer919@email.com,FirstName919,LastName919,2023-10-28,Premium,Email,UK,True
920,customer920@email.com,FirstName920,LastName920,2022-08-07,Basic,Paid Search,DE,True
921,customer921@email.com,FirstName921,LastName921,2023-09-23,Basic,Email,CA,False
922,customer922@email.com,FirstName922,LastName922,2022-03-30,Premium,Paid Search,US,True
923,customer923@email.com,FirstName923,LastName923,2023-08-27,Basic,Email,UK,False
924,customer924@email.com,FirstName924,LastName924,2023-03-16,Standard,Paid Search,CA,True
925,customer925@email.com,FirstName925,LastName925,2022-10-11,Basic,Organic,CA,True
926,customer926@email.com,FirstName926,LastName926,2023-07-21,Basic,Referral,AU,True
927,customer927@email.com,FirstName927,LastName927,2023-09-15,Standard,Organic,AU,True
928,customer928@email.com,FirstName928,LastName928,2022-11-05,Premium,Referral,FR,True
929,customer929@email.com,FirstName929,LastName929,2023-06-06,Premium,Email,UK,True
930,customer930@email.com,FirstName930,LastName930,2023-10-24,Premium,Paid Search,DE,True
931,customer931@email.com,FirstName931,LastName931,2023-01-31,Premium,Paid Search,DE,True
932,customer932@email.com,FirstName932,LastName932,2023-10-16,Basic,Organic,FR,False
933,customer933@email.com,FirstName933,LastName933,2022-01-13,Standard,Social Media,CA,False
934,customer934@email.com,FirstName934,LastName934,2023-02-01,Basic,Email,UK,True
935,customer935@email.com,FirstName935,LastName935,2023-07-14,Basic,Paid Search,DE,True
936,customer936@email.com,FirstName936,LastName936,2022-03-16,Premium,Referral,US,True
937,customer937@email.com,FirstName937,LastName937,2022-01-15,Standard,Paid Search,US,True
938,customer938@email.com,FirstName938,LastName938,2022-03-03,Standard,Referral,UK,False
939,customer939@email.com,FirstName939,LastName939,2023-10-06,Basic,Referral,DE,True
940,customer940@email.com,FirstName940,LastName940,2023-03-10,Basic,Email,US,True
941,customer941@email.com,FirstName941,LastName941,2023-10-18,Basic,Referral,FR,True
942,customer942@email.com,FirstName942,LastName942,2022-06-06,Standard,Organic,UK,True
943,customer943@email.com,FirstName943,LastName943,2022-03-22,Basic,Paid Search,CA,True
944,customer944@email.com,FirstName944,LastName944,2023-07-04,Standard,Email,FR,False
945,customer945@email.com,FirstName945,LastName945,2023-10-12,Basic,Organic,UK,True
946,customer946@email.com,FirstName946,LastName946,2023-12-17,Standard,Paid Search,US,True
947,customer947@email.com,FirstName947,LastName947,2022-09-08,Premium,Email,US,True
948,customer948@email.com,FirstName948,LastName948,2023-04-10,Basic,Referral,US,False
949,customer949@email.com,FirstName949,LastName949,2022-11-13,Basic,Paid Search,US,False
950,customer950@email.com,FirstName950,LastName950,2022-01-13,Basic,Paid Search,AU,True
951,customer951@email.com,FirstName951,LastName951,2022-01-12,Premium,Email,UK,True
952,customer952@email.com,FirstName952,LastName952,2023-06-20,Basic,Social Media,CA,True
953,customer953@email.com,FirstName953,LastName953,2023-01-16,Premium,Social Media,AU,True
954,customer954@email.com,FirstName954,LastName954,2022-05-01,Premium,Social Media,DE,False
955,customer955@email.com,FirstName955,LastName955,2022-10-06,Basic,Organic,UK,True
956,customer956@email.com,FirstName956,LastName956,2023-12-31,Basic,Organic,DE,True
957,customer957@email.com,FirstName957,LastName957,2023-04-12,Basic,Social Media,US,True
958,customer958@email.com,FirstName958,LastName958,2023-05-27,Basic,Paid Search,UK,True
959,customer959@email.com,FirstName959,LastName959,2022-06-11,Standard,Organic,FR,True
960,customer960@email.com,FirstName960,LastName960,2023-11-22,Basic,Organic,CA,True
961,customer961@email.com,FirstName961,LastName961,2023-06-06,Premium,Organic,US,True
962,customer962@email.com,FirstName962,LastName962,2022-09-08,Premium,Email,UK,True
963,customer963@email.com,FirstName963,LastName963,2023-01-28,Premium,Paid Search,US,True
964,customer964@email.com,FirstName964,LastName964,2023-07-21,Basic,Email,CA,True
965,customer965@email.com,FirstName965,LastName965,2022-11-26,Premium,Email,AU,True
966,customer966@email.com,FirstName966,LastName966,2022-11-24,Standard,Organic,FR,True
967,customer967@email.com,FirstName967,LastName967,2023-01-17,Premium,Referral,AU,True
968,customer968@email.com,FirstName968,LastName968,2022-02-23,Premium,Paid Search,FR,True
969,customer969@email.com,FirstName969,LastName969,2022-02-17,Standard,Organic,DE,True
970,customer970@email.com,FirstName970,LastName970,2022-10-17,Standard,Social Media,US,True
971,customer971@email.com,FirstName971,LastName971,2023-07-21,Standard,Organic,UK,True
972,customer972@email.com,FirstName972,LastName972,2022-07-25,Standard,Referral,UK,False
973,customer973@email.com,FirstName973,LastName973,2023-09-30,Premium,Email,UK,True
974,customer974@email.com,FirstName974,LastName974,2023-08-29,Standard,Paid Search,AU,True
975,customer975@email.com,FirstName975,LastName975,2023-07-14,Premium,Paid Search,US,True
976,customer976@email.com,FirstName976,LastName976,2023-02-24,Premium,Paid Search,FR,True
977,customer977@email.com,FirstName977,LastName977,2022-12-21,Basic,Organic,UK,True
978,customer978@email.com,FirstName978,LastName978,2022-01-02,Basic,Email,AU,True
979,customer979@email.com,FirstName979,LastName979,2022-11-11,Premium,Paid Search,FR,True
980,customer980@email.com,FirstName980,LastName980,2022-09-01,Standard,Email,US,True
981,customer981@email.com,FirstName981,LastName981,2022-05-26,Basic,Social Media,US,True
982,customer982@email.com,FirstName982,LastName982,2022-02-14,Premium,Referral,DE,True
983,customer983@email.com,FirstName983,LastName983,2023-12-19,Standard,Email,AU,True
984,customer984@email.com,FirstName984,LastName984,2022-03-28,Basic,Organic,FR,True
985,customer985@email.com,FirstName985,LastName985,2022-05-17,Basic,Email,US,True
986,customer986@email.com,FirstName986,LastName986,2023-08-30,Basic,Organic,DE,True
987,customer987@email.com,FirstName987,LastName987,2023-11-10,Premium,Paid Search,UK,True
988,customer988@email.com,FirstName988,LastName988,2022-09-25,Standard,Email,AU,True
989,customer989@email.com,FirstName989,LastName989,2022-12-01,Standard,Email,UK,True
990,customer990@email.com,FirstName990,LastName990,2022-08-28,Premium,Paid Search,CA,False
991,customer991@email.com,FirstName991,LastName991,2023-08-22,Premium,Paid Search,US,True
992,customer992@email.com,FirstName992,LastName992,2022-06-18,Standard,Email,UK,True
993,customer993@email.com,FirstName993,LastName993,2023-02-21,Premium,Referral,UK,True
994,customer994@email.com,FirstName994,LastName994,2022-08-01,Standard,Social Media,DE,True
995,customer995@email.com,FirstName995,LastName995,2022-09-29,Premium,Organic,CA,True
996,customer996@email.com,FirstName996,LastName996,2023-12-04,Standard,Referral,US,True
997,customer997@email.com,FirstName997,LastName997,2022-08-09,Standard,Paid Search,US,False
998,customer998@email.com,FirstName998,LastName998,2023-12-30,Premium,Social Media,DE,True
999,customer999@email.com,FirstName999,LastName999,2023-06-10,Premium,Social Media,UK,False
1000,customer1000@email.com,FirstName1000,LastName1000,2022-06-28,Premium,Email,DE,True
